,h3,city_q05,city_q50,city_q95
0,892a3066b6fffff,35.0,113.10000000000001,513.0
1,892a30648b3ffff,35.0,113.10000000000001,513.0
2,892a339165bffff,35.0,113.10000000000001,513.0
3,892a30666afffff,35.0,113.10000000000001,513.0
4,892a3066e73ffff,35.0,113.10000000000001,513.0
5,892a306460bffff,35.0,113.10000000000001,513.0
6,892a3064873ffff,35.0,113.10000000000001,513.0
7,892a3066a8bffff,35.0,113.10000000000001,513.0
8,892a3074b3bffff,35.0,113.10000000000001,513.0
9,892a3066e97ffff,35.0,113.10000000000001,513.0
10,892a3066e2bffff,35.0,113.10000000000001,513.0
11,892a3064b0fffff,35.0,113.10000000000001,513.0
12,892a3066bd7ffff,35.0,113.10000000000001,513.0
13,892a3066c4bffff,35.0,113.10000000000001,513.0
14,892a3065d3bffff,35.0,113.10000000000001,513.0
15,892a306681bffff,35.0,113.10000000000001,513.0
16,892a3065d13ffff,35.0,113.10000000000001,513.0
17,892a339a48fffff,35.0,113.10000000000001,513.0
18,892a3391673ffff,35.0,113.10000000000001,513.0
19,892a3066b7bffff,35.0,113.10000000000001,513.0
20,892a3066ebbffff,35.0,113.10000000000001,513.0
21,892a3064b1bffff,35.0,113.10000000000001,513.0
22,892a30658abffff,35.0,113.10000000000001,513.0
23,892a3064bd7ffff,35.0,113.10000000000001,513.0
24,892a3065913ffff,35.0,113.10000000000001,513.0
25,892a3064a13ffff,35.0,113.10000000000001,513.0
26,892a339a593ffff,35.0,113.10000000000001,513.0
27,892a3064c33ffff,35.0,113.10000000000001,513.0
28,892a30648a7ffff,35.0,113.10000000000001,513.0
29,892a3074953ffff,35.0,113.10000000000001,513.0
30,892a3065d73ffff,35.0,113.10000000000001,513.0
31,892a3064ecbffff,35.0,113.10000000000001,513.0
32,892a3065d33ffff,35.0,113.10000000000001,513.0
33,892a306687bffff,35.0,113.10000000000001,513.0
34,892a3064117ffff,35.0,113.10000000000001,513.0
35,892a306732fffff,35.0,113.10000000000001,513.0
36,892a3064aabffff,35.0,113.10000000000001,513.0
37,892a3074b8bffff,35.0,113.10000000000001,513.0
38,892a3066a43ffff,35.0,113.10000000000001,513.0
39,892a30645a3ffff,35.0,113.10000000000001,513.0
40,892a3066333ffff,35.0,113.10000000000001,513.0
41,892a306553bffff,35.0,113.10000000000001,513.0
42,892a306593bffff,35.0,113.10000000000001,513.0
43,892a306487bffff,35.0,113.10000000000001,513.0
44,892a3066b07ffff,35.0,113.10000000000001,513.0
45,892a3391663ffff,35.0,113.10000000000001,513.0
46,892a3064a97ffff,35.0,113.10000000000001,513.0
47,892a3066c43ffff,35.0,113.10000000000001,513.0
48,892a30663a3ffff,35.0,113.10000000000001,513.0
49,892a3065d7bffff,35.0,113.10000000000001,513.0
50,892a306612fffff,35.0,113.10000000000001,513.0
51,892a3064a77ffff,35.0,113.10000000000001,513.0
52,892a3064d47ffff,35.0,113.10000000000001,513.0
53,892a306685bffff,35.0,113.10000000000001,513.0
54,892a30643afffff,35.0,113.10000000000001,513.0
55,892a30646a3ffff,35.0,113.10000000000001,513.0
56,892a3064177ffff,35.0,113.10000000000001,513.0
57,892a3064b83ffff,35.0,113.10000000000001,513.0
58,892a3064573ffff,35.0,113.10000000000001,513.0
59,892a3064e63ffff,35.0,113.10000000000001,513.0
60,892a3064dcfffff,35.0,113.10000000000001,513.0
61,892a339167bffff,35.0,113.10000000000001,513.0
62,892a3065597ffff,35.0,113.10000000000001,513.0
63,892a306444bffff,35.0,113.10000000000001,513.0
64,892a3393647ffff,35.0,113.10000000000001,513.0
65,892a306461bffff,35.0,113.10000000000001,513.0
66,892a30660c7ffff,35.0,113.10000000000001,513.0
67,892a3066e47ffff,35.0,113.10000000000001,513.0
68,892a3064e2bffff,35.0,113.10000000000001,513.0
69,892a302955bffff,35.0,113.10000000000001,513.0
70,892a3064ca7ffff,35.0,113.10000000000001,513.0
71,892a3066b03ffff,35.0,113.10000000000001,513.0
72,892a306684bffff,35.0,113.10000000000001,513.0
73,892a3066b2bffff,35.0,113.10000000000001,513.0
74,892a306483bffff,35.0,113.10000000000001,513.0
75,892a3064c73ffff,35.0,113.10000000000001,513.0
76,892a3065527ffff,35.0,113.10000000000001,513.0
77,892a30660a3ffff,35.0,113.10000000000001,513.0
78,892a3064eb3ffff,35.0,113.10000000000001,513.0
79,892a3066acbffff,35.0,113.10000000000001,513.0
80,892a3064823ffff,35.0,113.10000000000001,513.0
81,892a339a5bbffff,35.0,113.10000000000001,513.0
82,892a3064db3ffff,35.0,113.10000000000001,513.0
83,892a3064ad7ffff,35.0,113.10000000000001,513.0
84,892a339a5a3ffff,35.0,113.10000000000001,513.0
85,892a3066bc3ffff,35.0,113.10000000000001,513.0
86,892a3065c37ffff,35.0,113.10000000000001,513.0
87,892a3064e67ffff,35.0,113.10000000000001,513.0
88,892a3066943ffff,35.0,113.10000000000001,513.0
89,892a306464bffff,35.0,113.10000000000001,513.0
90,892a3064857ffff,35.0,113.10000000000001,513.0
91,892a3064d8bffff,35.0,113.10000000000001,513.0
92,892a3064dcbffff,35.0,113.10000000000001,513.0
93,892a3064877ffff,35.0,113.10000000000001,513.0
94,892a3064863ffff,35.0,113.10000000000001,513.0
95,892a3064a8fffff,35.0,113.10000000000001,513.0
96,892a3064da3ffff,35.0,113.10000000000001,513.0
97,892a3067337ffff,35.0,113.10000000000001,513.0
98,892a3064db7ffff,35.0,113.10000000000001,513.0
99,892a3066bdbffff,35.0,113.10000000000001,513.0
100,892a3066c4fffff,35.0,113.10000000000001,513.0
101,892a3064c27ffff,35.0,113.10000000000001,513.0
102,892a339a483ffff,35.0,113.10000000000001,513.0
103,892a30648b7ffff,35.0,113.10000000000001,513.0
104,892a306440bffff,35.0,113.10000000000001,513.0
105,892a3064517ffff,35.0,113.10000000000001,513.0
106,892a3065d07ffff,35.0,113.10000000000001,513.0
107,892a3064103ffff,35.0,113.10000000000001,513.0
108,892a3066507ffff,35.0,113.10000000000001,513.0
109,892a3066eabffff,35.0,113.10000000000001,513.0
110,892a3065587ffff,35.0,113.10000000000001,513.0
111,892a306497bffff,35.0,113.10000000000001,513.0
112,892a306712bffff,35.0,113.10000000000001,513.0
113,892a306467bffff,35.0,113.10000000000001,513.0
114,892a3064c6fffff,35.0,113.10000000000001,513.0
115,892a3065907ffff,35.0,113.10000000000001,513.0
116,892a3064e47ffff,35.0,113.10000000000001,513.0
117,892a3065503ffff,35.0,113.10000000000001,513.0
118,892a30660a7ffff,35.0,113.10000000000001,513.0
119,892a3066b63ffff,35.0,113.10000000000001,513.0
120,892a3067327ffff,35.0,113.10000000000001,513.0
121,892a3064ab7ffff,35.0,113.10000000000001,513.0
122,892a3064b7bffff,35.0,113.10000000000001,513.0
123,892a3064123ffff,35.0,113.10000000000001,513.0
124,892a3064a07ffff,35.0,113.10000000000001,513.0
125,892a306494fffff,35.0,113.10000000000001,513.0
126,892a3066893ffff,35.0,113.10000000000001,513.0
127,892a3065537ffff,35.0,113.10000000000001,513.0
128,892a3064143ffff,35.0,113.10000000000001,513.0
129,892a3066b13ffff,35.0,113.10000000000001,513.0
130,892a306469bffff,35.0,113.10000000000001,513.0
131,892a3064513ffff,35.0,113.10000000000001,513.0
132,892a3064a9bffff,35.0,113.10000000000001,513.0
133,892a3067167ffff,35.0,113.10000000000001,513.0
134,892a3064607ffff,35.0,113.10000000000001,513.0
135,892a3066a77ffff,35.0,113.10000000000001,513.0
136,892a339a5b7ffff,35.0,113.10000000000001,513.0
137,892a3064ca3ffff,35.0,113.10000000000001,513.0
138,892a30643a7ffff,35.0,113.10000000000001,513.0
139,892a3064a47ffff,35.0,113.10000000000001,513.0
140,892a3393643ffff,35.0,113.10000000000001,513.0
141,892a3064d07ffff,35.0,113.10000000000001,513.0
142,892a30666a7ffff,35.0,113.10000000000001,513.0
143,892a3066bc7ffff,35.0,113.10000000000001,513.0
144,892a3066e8fffff,35.0,113.10000000000001,513.0
145,892a3066307ffff,35.0,113.10000000000001,513.0
146,892a3066883ffff,35.0,113.10000000000001,513.0
147,892a3064e27ffff,35.0,113.10000000000001,513.0
148,892a3064c6bffff,35.0,113.10000000000001,513.0
149,892a3066887ffff,35.0,113.10000000000001,513.0
150,892a3064a57ffff,35.0,113.10000000000001,513.0
151,892a306608bffff,35.0,113.10000000000001,513.0
152,892a3066b27ffff,35.0,113.10000000000001,513.0
153,892a3064eb7ffff,35.0,113.10000000000001,513.0
154,892a3064a0bffff,35.0,113.10000000000001,513.0
155,892a33916dbffff,35.0,113.10000000000001,513.0
156,892a339a4b7ffff,35.0,113.10000000000001,513.0
157,892a3064b4bffff,35.0,113.10000000000001,513.0
158,892a306428bffff,35.0,113.10000000000001,513.0
159,892a3065db7ffff,35.0,113.10000000000001,513.0
160,892a3064e07ffff,35.0,113.10000000000001,513.0
161,892a30641cbffff,35.0,113.10000000000001,513.0
162,892a3064b2fffff,35.0,113.10000000000001,513.0
163,892a339a453ffff,35.0,113.10000000000001,513.0
164,892a3066bb3ffff,35.0,113.10000000000001,513.0
165,892a3065d6fffff,35.0,113.10000000000001,513.0
166,892a3064567ffff,35.0,113.10000000000001,513.0
167,892a3066a4fffff,35.0,113.10000000000001,513.0
168,892a3064597ffff,35.0,113.10000000000001,513.0
169,892a30655bbffff,35.0,113.10000000000001,513.0
170,892a3065d03ffff,35.0,113.10000000000001,513.0
171,892a30645bbffff,35.0,113.10000000000001,513.0
172,892a3064667ffff,35.0,113.10000000000001,513.0
173,892a306453bffff,35.0,113.10000000000001,513.0
174,892a30660abffff,35.0,113.10000000000001,513.0
175,892a3066083ffff,35.0,113.10000000000001,513.0
176,892a3066977ffff,35.0,113.10000000000001,513.0
177,892a3064d4bffff,35.0,113.10000000000001,513.0
178,892a30749c7ffff,35.0,113.10000000000001,513.0
179,892a3064a0fffff,35.0,113.10000000000001,513.0
180,892a3064c53ffff,35.0,113.10000000000001,513.0
181,892a339a49bffff,35.0,113.10000000000001,513.0
182,892a3066c87ffff,35.0,113.10000000000001,513.0
183,892a3065da3ffff,35.0,113.10000000000001,513.0
184,892a3064d97ffff,35.0,113.10000000000001,513.0
185,892a3065dc3ffff,35.0,113.10000000000001,513.0
186,892a3064423ffff,35.0,113.10000000000001,513.0
187,892a3066b73ffff,35.0,113.10000000000001,513.0
188,892a3066aa3ffff,35.0,113.10000000000001,513.0
189,892a3064dafffff,35.0,113.10000000000001,513.0
190,892a3066363ffff,35.0,113.10000000000001,513.0
191,892a3066c5bffff,35.0,113.10000000000001,513.0
192,892a339a5c3ffff,35.0,113.10000000000001,513.0
193,892a3064c3bffff,35.0,113.10000000000001,513.0
194,892a306462bffff,35.0,113.10000000000001,513.0
195,892a3064557ffff,35.0,113.10000000000001,513.0
196,892a339a503ffff,35.0,113.10000000000001,513.0
197,892a3064c83ffff,35.0,113.10000000000001,513.0
198,892a3066bcfffff,35.0,113.10000000000001,513.0
199,892a306690fffff,35.0,113.10000000000001,513.0
200,892a3065dbbffff,35.0,113.10000000000001,513.0
201,892a3393653ffff,35.0,113.10000000000001,513.0
202,892a3064e23ffff,35.0,113.10000000000001,513.0
203,892a3066e6fffff,35.0,113.10000000000001,513.0
204,892a306450bffff,35.0,113.10000000000001,513.0
205,892a306651bffff,35.0,113.10000000000001,513.0
206,892a3064d17ffff,35.0,113.10000000000001,513.0
207,892a3066847ffff,35.0,113.10000000000001,513.0
208,892a339a4b3ffff,35.0,113.10000000000001,513.0
209,892a3391643ffff,35.0,113.10000000000001,513.0
210,892a3066ec3ffff,35.0,113.10000000000001,513.0
211,892a3066c8bffff,35.0,113.10000000000001,513.0
212,892a3064e33ffff,35.0,113.10000000000001,513.0
213,892a306484fffff,35.0,113.10000000000001,513.0
214,892a3064b13ffff,35.0,113.10000000000001,513.0
215,892a3066607ffff,35.0,113.10000000000001,513.0
216,892a30660dbffff,35.0,113.10000000000001,513.0
217,892a306558fffff,35.0,113.10000000000001,513.0
218,892a30648cfffff,35.0,113.10000000000001,513.0
219,892a306682fffff,35.0,113.10000000000001,513.0
220,892a3064b4fffff,35.0,113.10000000000001,513.0
221,892a3064403ffff,35.0,113.10000000000001,513.0
222,892a3066b4bffff,35.0,113.10000000000001,513.0
223,892a3066b1bffff,35.0,113.10000000000001,513.0
224,892a306416bffff,35.0,113.10000000000001,513.0
225,892a339a597ffff,35.0,113.10000000000001,513.0
226,892a30641b3ffff,35.0,113.10000000000001,513.0
227,892a3065d77ffff,35.0,113.10000000000001,513.0
228,892a30648cbffff,35.0,113.10000000000001,513.0
229,892a30671a3ffff,35.0,113.10000000000001,513.0
230,892a339a4d3ffff,35.0,113.10000000000001,513.0
231,892a3064ebbffff,35.0,113.10000000000001,513.0
232,892a3064887ffff,35.0,113.10000000000001,513.0
233,892a3066c9bffff,35.0,113.10000000000001,513.0
234,892a306481bffff,35.0,113.10000000000001,513.0
235,892a3065d2fffff,35.0,113.10000000000001,513.0
236,892a3064e6bffff,35.0,113.10000000000001,513.0
237,892a30660d3ffff,35.0,113.10000000000001,513.0
238,892a3064ec3ffff,35.0,113.10000000000001,513.0
239,892a306468bffff,35.0,113.10000000000001,513.0
240,892a3064d0fffff,35.0,113.10000000000001,513.0
241,892a3066ad3ffff,35.0,113.10000000000001,513.0
242,892a3074bb7ffff,35.0,113.10000000000001,513.0
243,892a30646c3ffff,35.0,113.10000000000001,513.0
244,892a306488fffff,35.0,113.10000000000001,513.0
245,892a30646b3ffff,35.0,113.10000000000001,513.0
246,892a3064213ffff,35.0,113.10000000000001,513.0
247,892a3066e93ffff,35.0,113.10000000000001,513.0
248,892a30671afffff,35.0,113.10000000000001,513.0
249,892a306697bffff,35.0,113.10000000000001,513.0
250,892a30648a3ffff,35.0,113.10000000000001,513.0
251,892a3066d4bffff,35.0,113.10000000000001,513.0
252,892a306653bffff,35.0,113.10000000000001,513.0
253,892a306465bffff,35.0,113.10000000000001,513.0
254,892a3066e83ffff,35.0,113.10000000000001,513.0
255,892a3064b8fffff,35.0,113.10000000000001,513.0
256,892a3074b07ffff,35.0,113.10000000000001,513.0
257,892a3066b77ffff,35.0,113.10000000000001,513.0
258,892a3064e83ffff,35.0,113.10000000000001,513.0
259,892a30668dbffff,35.0,113.10000000000001,513.0
260,892a3064d53ffff,35.0,113.10000000000001,513.0
261,892a30659d3ffff,35.0,113.10000000000001,513.0
262,892a306463bffff,35.0,113.10000000000001,513.0
263,892a3064c17ffff,35.0,113.10000000000001,513.0
264,892a3064a93ffff,35.0,113.10000000000001,513.0
265,892a30643b7ffff,35.0,113.10000000000001,513.0
266,892a3066a53ffff,35.0,113.10000000000001,513.0
267,892a306419bffff,35.0,113.10000000000001,513.0
268,892a3064683ffff,35.0,113.10000000000001,513.0
269,892a3065917ffff,35.0,113.10000000000001,513.0
270,892a306631bffff,35.0,113.10000000000001,513.0
271,892a3066ccfffff,35.0,113.10000000000001,513.0
272,892a3066807ffff,35.0,113.10000000000001,513.0
273,892a3064a87ffff,35.0,113.10000000000001,513.0
274,892a306416fffff,35.0,113.10000000000001,513.0
275,892a3066ac7ffff,35.0,113.10000000000001,513.0
276,892a306451bffff,35.0,113.10000000000001,513.0
277,892a3066b2fffff,35.0,113.10000000000001,513.0
278,892a3066b23ffff,35.0,113.10000000000001,513.0
279,892a306442fffff,35.0,113.10000000000001,513.0
280,892a306637bffff,35.0,113.10000000000001,513.0
281,892a306410bffff,35.0,113.10000000000001,513.0
282,892a3064d13ffff,35.0,113.10000000000001,513.0
283,892a3064ea7ffff,35.0,113.10000000000001,513.0
284,892a339367bffff,35.0,113.10000000000001,513.0
285,892a30641d3ffff,35.0,113.10000000000001,513.0
286,892a306462fffff,35.0,113.10000000000001,513.0
287,892a3064507ffff,35.0,113.10000000000001,513.0
288,892a3066e4fffff,35.0,113.10000000000001,513.0
289,892a3066cc7ffff,35.0,113.10000000000001,513.0
290,892a306650fffff,35.0,113.10000000000001,513.0
291,892a3066967ffff,35.0,113.10000000000001,513.0
292,892a3074b0fffff,35.0,113.10000000000001,513.0
293,892a3065d27ffff,35.0,113.10000000000001,513.0
294,892a3064c5bffff,35.0,113.10000000000001,513.0
295,892a3064d57ffff,35.0,113.10000000000001,513.0
296,892a30659afffff,35.0,113.10000000000001,513.0
297,892a3064acbffff,35.0,113.10000000000001,513.0
298,892a3064127ffff,35.0,113.10000000000001,513.0
299,892a3064babffff,35.0,113.10000000000001,513.0
300,892a3064867ffff,35.0,113.10000000000001,513.0
301,892a3066a27ffff,35.0,113.10000000000001,513.0
302,892a3066573ffff,35.0,113.10000000000001,513.0
303,892a3064b37ffff,35.0,113.10000000000001,513.0
304,892a3064c37ffff,35.0,113.10000000000001,513.0
305,892a306614bffff,35.0,113.10000000000001,513.0
306,892a3064ec7ffff,35.0,113.10000000000001,513.0
307,892a3066a5bffff,35.0,113.10000000000001,513.0
308,892a3064527ffff,35.0,113.10000000000001,513.0
309,892a3064b33ffff,35.0,113.10000000000001,513.0
310,892a30644b3ffff,35.0,113.10000000000001,513.0
311,892a3066ccbffff,35.0,113.10000000000001,513.0
312,892a3066cc3ffff,35.0,113.10000000000001,513.0
313,892a306496bffff,35.0,113.10000000000001,513.0
314,892a3066c13ffff,35.0,113.10000000000001,513.0
315,892a3064a4fffff,35.0,113.10000000000001,513.0
316,892a306688bffff,35.0,113.10000000000001,513.0
317,892a30643a3ffff,35.0,113.10000000000001,513.0
318,892a30663bbffff,35.0,113.10000000000001,513.0
319,892a3064617ffff,35.0,113.10000000000001,513.0
320,892a3066edbffff,35.0,113.10000000000001,513.0
321,892a306716fffff,35.0,113.10000000000001,513.0
322,892a3066b47ffff,35.0,113.10000000000001,513.0
323,892a3065d37ffff,35.0,113.10000000000001,513.0
324,892a3064657ffff,35.0,113.10000000000001,513.0
325,892a3064133ffff,35.0,113.10000000000001,513.0
326,892a3074943ffff,35.0,113.10000000000001,513.0
327,892a30645a7ffff,35.0,113.10000000000001,513.0
328,892a3065d57ffff,35.0,113.10000000000001,513.0
329,892a3066b4fffff,35.0,113.10000000000001,513.0
330,892a306684fffff,35.0,113.10000000000001,513.0
331,892a3066557ffff,35.0,113.10000000000001,513.0
332,892a3064503ffff,35.0,113.10000000000001,513.0
333,892a339a487ffff,35.0,113.10000000000001,513.0
334,892a3064a5bffff,35.0,113.10000000000001,513.0
335,892a339a5b3ffff,35.0,113.10000000000001,513.0
336,892a3064583ffff,35.0,113.10000000000001,513.0
337,892a3066a4bffff,35.0,113.10000000000001,513.0
338,892a3064163ffff,35.0,113.10000000000001,513.0
339,892a30646bbffff,35.0,113.10000000000001,513.0
340,892a3064b63ffff,35.0,113.10000000000001,513.0
341,892a3064abbffff,35.0,113.10000000000001,513.0
342,892a306663bffff,35.0,113.10000000000001,513.0
343,892a3064e3bffff,35.0,113.10000000000001,513.0
344,892a3066b33ffff,35.0,113.10000000000001,513.0
345,892a306609bffff,35.0,113.10000000000001,513.0
346,892a3065d67ffff,35.0,113.10000000000001,513.0
347,892a306454bffff,35.0,113.10000000000001,513.0
348,892a3064147ffff,35.0,113.10000000000001,513.0
349,892a306639bffff,35.0,113.10000000000001,513.0
350,892a30658bbffff,35.0,113.10000000000001,513.0
351,892a3066373ffff,35.0,113.10000000000001,513.0
352,892a3064d6bffff,35.0,113.10000000000001,513.0
353,892a3064107ffff,35.0,113.10000000000001,513.0
354,892a3064563ffff,35.0,113.10000000000001,513.0
355,892a30659b3ffff,35.0,113.10000000000001,513.0
356,892a3066e43ffff,35.0,113.10000000000001,513.0
357,892a30673a7ffff,35.0,113.10000000000001,513.0
358,892a3064e7bffff,35.0,113.10000000000001,513.0
359,892a3066873ffff,35.0,113.10000000000001,513.0
360,892a3064b3bffff,35.0,113.10000000000001,513.0
361,892a33936cbffff,35.0,113.10000000000001,513.0
362,892a30646c7ffff,35.0,113.10000000000001,513.0
363,892a3064d03ffff,35.0,113.10000000000001,513.0
364,892a306484bffff,35.0,113.10000000000001,513.0
365,892a3066b57ffff,35.0,113.10000000000001,513.0
366,892a3064da7ffff,35.0,113.10000000000001,513.0
367,892a3066547ffff,35.0,113.10000000000001,513.0
368,892a3064407ffff,35.0,113.10000000000001,513.0
369,892a3066eb7ffff,35.0,113.10000000000001,513.0
370,892a3065d2bffff,35.0,113.10000000000001,513.0
371,892a3074bb3ffff,35.0,113.10000000000001,513.0
372,892a3064ed3ffff,35.0,113.10000000000001,513.0
373,892a30660cbffff,35.0,113.10000000000001,513.0
374,892a30671c7ffff,35.0,113.10000000000001,513.0
375,892a3064447ffff,35.0,113.10000000000001,513.0
376,892a3064137ffff,35.0,113.10000000000001,513.0
377,892a30646d7ffff,35.0,113.10000000000001,513.0
378,892a306695bffff,35.0,113.10000000000001,513.0
379,892a33912dbffff,35.0,113.10000000000001,513.0
380,892a3074bbbffff,35.0,113.10000000000001,513.0
381,892a30648c7ffff,35.0,113.10000000000001,513.0
382,892a339a5a7ffff,35.0,113.10000000000001,513.0
383,892a339364bffff,35.0,113.10000000000001,513.0
384,892a3067173ffff,35.0,113.10000000000001,513.0
385,892a3064697ffff,35.0,113.10000000000001,513.0
386,892a3064b8bffff,35.0,113.10000000000001,513.0
387,892a306551bffff,35.0,113.10000000000001,513.0
388,892a3066803ffff,35.0,113.10000000000001,513.0
389,892a3064ac3ffff,35.0,113.10000000000001,513.0
390,892a3066b93ffff,35.0,113.10000000000001,513.0
391,892a339364fffff,35.0,113.10000000000001,513.0
392,892a339a4a3ffff,35.0,113.10000000000001,513.0
393,892a3064e4bffff,35.0,113.10000000000001,513.0
394,892a3064c07ffff,35.0,113.10000000000001,513.0
395,892a3064577ffff,35.0,113.10000000000001,513.0
396,892a3066a37ffff,35.0,113.10000000000001,513.0
397,892a306444fffff,35.0,113.10000000000001,513.0
398,892a3066b8fffff,35.0,113.10000000000001,513.0
399,892a3064427ffff,35.0,113.10000000000001,513.0
400,892a3066167ffff,35.0,113.10000000000001,513.0
401,892a3064e93ffff,35.0,113.10000000000001,513.0
402,892a30648abffff,35.0,113.10000000000001,513.0
403,892a30640b3ffff,35.0,113.10000000000001,513.0
404,892a30655a3ffff,35.0,113.10000000000001,513.0
405,892a3066e23ffff,35.0,113.10000000000001,513.0
406,892a3066387ffff,35.0,113.10000000000001,513.0
407,892a306418bffff,35.0,113.10000000000001,513.0
408,892a339a4c7ffff,35.0,113.10000000000001,513.0
409,892a306646bffff,35.0,113.10000000000001,513.0
410,892a30643b3ffff,35.0,113.10000000000001,513.0
411,892a3064ddbffff,35.0,113.10000000000001,513.0
412,892a306601bffff,35.0,113.10000000000001,513.0
413,892a30668c3ffff,35.0,113.10000000000001,513.0
414,892a3064ac7ffff,35.0,113.10000000000001,513.0
415,892a306650bffff,35.0,113.10000000000001,513.0
416,892a306646fffff,35.0,113.10000000000001,513.0
417,892a3066553ffff,35.0,113.10000000000001,513.0
418,892a30663b3ffff,35.0,113.10000000000001,513.0
419,892a3064613ffff,35.0,113.10000000000001,513.0
420,892a3066b6bffff,35.0,113.10000000000001,513.0
421,892a3064c9bffff,35.0,113.10000000000001,513.0
422,892a30655abffff,35.0,113.10000000000001,513.0
423,892a339365bffff,35.0,113.10000000000001,513.0
424,892a307494fffff,35.0,113.10000000000001,513.0
425,892a3064b2bffff,35.0,113.10000000000001,513.0
426,892a3066a47ffff,35.0,113.10000000000001,513.0
427,892a3065533ffff,35.0,113.10000000000001,513.0
428,892a3066bbbffff,35.0,113.10000000000001,513.0
429,892a306486fffff,35.0,113.10000000000001,513.0
430,892a3065987ffff,35.0,113.10000000000001,513.0
431,892a3064847ffff,35.0,113.10000000000001,513.0
432,892a3066c57ffff,35.0,113.10000000000001,513.0
433,892a30641c7ffff,35.0,113.10000000000001,513.0
434,892a306630bffff,35.0,113.10000000000001,513.0
435,892a3064acfffff,35.0,113.10000000000001,513.0
436,892a3064bb3ffff,35.0,113.10000000000001,513.0
437,892a3066b0fffff,35.0,113.10000000000001,513.0
438,892a3066e9bffff,35.0,113.10000000000001,513.0
439,892a3066377ffff,35.0,113.10000000000001,513.0
440,892a306415bffff,35.0,113.10000000000001,513.0
441,892a3066b53ffff,35.0,113.10000000000001,513.0
442,892a306689bffff,35.0,113.10000000000001,513.0
443,892a306559bffff,35.0,113.10000000000001,513.0
444,892a30659b7ffff,35.0,113.10000000000001,513.0
445,892a306414fffff,35.0,113.10000000000001,513.0
446,892a3074b17ffff,35.0,113.10000000000001,513.0
447,892a306413bffff,35.0,113.10000000000001,513.0
448,892a306454fffff,35.0,113.10000000000001,513.0
449,892a3066c8fffff,35.0,113.10000000000001,513.0
450,892a30648bbffff,35.0,113.10000000000001,513.0
451,892a306603bffff,35.0,113.10000000000001,513.0
452,892a3066a13ffff,35.0,113.10000000000001,513.0
453,892a3064a63ffff,35.0,113.10000000000001,513.0
454,892a3066863ffff,35.0,113.10000000000001,513.0
455,892a306456bffff,35.0,113.10000000000001,513.0
456,892a3066e6bffff,35.0,113.10000000000001,513.0
457,892a3065d0bffff,35.0,113.10000000000001,513.0
458,892a30646d3ffff,35.0,113.10000000000001,513.0
459,892a3064cb3ffff,35.0,113.10000000000001,513.0
460,892a30660bbffff,35.0,113.10000000000001,513.0
461,892a3066097ffff,35.0,113.10000000000001,513.0
462,892a3064d0bffff,35.0,113.10000000000001,513.0
463,892a3064cabffff,35.0,113.10000000000001,513.0
464,892a3074b83ffff,35.0,113.10000000000001,513.0
465,892a306411bffff,35.0,113.10000000000001,513.0
466,892a339a4d7ffff,35.0,113.10000000000001,513.0
467,892a30645b3ffff,35.0,113.10000000000001,513.0
468,892a306696fffff,35.0,113.10000000000001,513.0
469,892a3064b07ffff,35.0,113.10000000000001,513.0
470,892a3064d67ffff,35.0,113.10000000000001,513.0
471,892a30646abffff,35.0,113.10000000000001,513.0
472,892a3066e27ffff,35.0,113.10000000000001,513.0
473,892a3064173ffff,35.0,113.10000000000001,513.0
474,892a3065d97ffff,35.0,113.10000000000001,513.0
475,892a30663abffff,35.0,113.10000000000001,513.0
476,892a339a4cfffff,35.0,113.10000000000001,513.0
477,892a3064537ffff,35.0,113.10000000000001,513.0
478,892a3066a23ffff,35.0,113.10000000000001,513.0
479,892a339a5d3ffff,35.0,113.10000000000001,513.0
480,892a3066973ffff,35.0,113.10000000000001,513.0
481,892a3066b17ffff,35.0,113.10000000000001,513.0
482,892a3064673ffff,35.0,113.10000000000001,513.0
483,892a30660cfffff,35.0,113.10000000000001,513.0
484,892a3065d5bffff,35.0,113.10000000000001,513.0
485,892a3066e87ffff,35.0,113.10000000000001,513.0
486,892a339a5c7ffff,35.0,113.10000000000001,513.0
487,892a30640b7ffff,35.0,113.10000000000001,513.0
488,892a339a4c3ffff,35.0,113.10000000000001,513.0
489,892a3064387ffff,35.0,113.10000000000001,513.0
490,892a3074b23ffff,35.0,113.10000000000001,513.0
491,892a30646dbffff,35.0,113.10000000000001,513.0
492,892a3066a73ffff,35.0,113.10000000000001,513.0
493,892a3064167ffff,35.0,113.10000000000001,513.0
494,892a3064b27ffff,35.0,113.10000000000001,513.0
495,892a3064293ffff,35.0,113.10000000000001,513.0
496,892a30655b3ffff,35.0,113.10000000000001,513.0
497,892a3065d8fffff,35.0,113.10000000000001,513.0
498,892a30661dbffff,35.0,113.10000000000001,513.0
499,892a30660afffff,35.0,113.10000000000001,513.0
500,892a3064ea3ffff,35.0,113.10000000000001,513.0
501,892a3065833ffff,35.0,113.10000000000001,513.0
502,892a3065dcbffff,35.0,113.10000000000001,513.0
503,892a3074babffff,35.0,113.10000000000001,513.0
504,892a3066bafffff,35.0,113.10000000000001,513.0
505,892a3066137ffff,35.0,113.10000000000001,513.0
506,892a3064587ffff,35.0,113.10000000000001,513.0
507,892a3064c4bffff,35.0,113.10000000000001,513.0
508,892a30644bbffff,35.0,113.10000000000001,513.0
509,892a3064a83ffff,35.0,113.10000000000001,513.0
510,892a3064d43ffff,35.0,113.10000000000001,513.0
511,892a306716bffff,35.0,113.10000000000001,513.0
512,892a3064687ffff,35.0,113.10000000000001,513.0
513,892a339a583ffff,35.0,113.10000000000001,513.0
514,892a3064457ffff,35.0,113.10000000000001,513.0
515,892a3066b5bffff,35.0,113.10000000000001,513.0
516,892a3065583ffff,35.0,113.10000000000001,513.0
517,892a3064a8bffff,35.0,113.10000000000001,513.0
518,892a3064a17ffff,35.0,113.10000000000001,513.0
519,892a30660d7ffff,35.0,113.10000000000001,513.0
520,892a3064ecfffff,35.0,113.10000000000001,513.0
521,892a339164fffff,35.0,113.10000000000001,513.0
522,892a30659abffff,35.0,113.10000000000001,513.0
523,892a3064643ffff,35.0,113.10000000000001,513.0
524,892a3066397ffff,35.0,113.10000000000001,513.0
525,892a306558bffff,35.0,113.10000000000001,513.0
526,892a306550fffff,35.0,113.10000000000001,513.0
527,892a3064b97ffff,35.0,113.10000000000001,513.0
528,892a30649cbffff,35.0,113.10000000000001,513.0
529,892a3064ba7ffff,35.0,113.10000000000001,513.0
530,892a3065d17ffff,35.0,113.10000000000001,513.0
531,892a3064693ffff,35.0,113.10000000000001,513.0
532,892a3066b43ffff,35.0,113.10000000000001,513.0
533,892a3065593ffff,35.0,113.10000000000001,513.0
534,892a33916cfffff,35.0,113.10000000000001,513.0
535,892a306616fffff,35.0,113.10000000000001,513.0
536,892a3066a93ffff,35.0,113.10000000000001,513.0
537,892a3065887ffff,35.0,113.10000000000001,513.0
538,892a3064b87ffff,35.0,113.10000000000001,513.0
539,892a3067177ffff,35.0,113.10000000000001,513.0
540,892a3064bb7ffff,35.0,113.10000000000001,513.0
541,892a3064ed7ffff,35.0,113.10000000000001,513.0
542,892a306598fffff,35.0,113.10000000000001,513.0
543,892a339a4a7ffff,35.0,113.10000000000001,513.0
544,892a3066057ffff,35.0,113.10000000000001,513.0
545,892a3064157ffff,35.0,113.10000000000001,513.0
546,892a3064b93ffff,35.0,113.10000000000001,513.0
547,892a30643abffff,35.0,113.10000000000001,513.0
548,892a3066b87ffff,35.0,113.10000000000001,513.0
549,892a3064257ffff,35.0,113.10000000000001,513.0
550,892a306417bffff,35.0,113.10000000000001,513.0
551,892a3064a73ffff,35.0,113.10000000000001,513.0
552,892a33936d7ffff,35.0,113.10000000000001,513.0
553,892a3064647ffff,35.0,113.10000000000001,513.0
554,892a3064c2fffff,35.0,113.10000000000001,513.0
555,892a3064547ffff,35.0,113.10000000000001,513.0
556,892a3064437ffff,35.0,113.10000000000001,513.0
557,892a33936dbffff,35.0,113.10000000000001,513.0
558,892a3065517ffff,35.0,113.10000000000001,513.0
559,892a3066347ffff,35.0,113.10000000000001,513.0
560,892a3074ba3ffff,35.0,113.10000000000001,513.0
561,892a3066067ffff,35.0,113.10000000000001,513.0
562,892a30641d7ffff,35.0,113.10000000000001,513.0
563,892a306590fffff,35.0,113.10000000000001,513.0
564,892a3066b37ffff,35.0,113.10000000000001,513.0
565,892a3066a17ffff,35.0,113.10000000000001,513.0
566,892a33936d3ffff,35.0,113.10000000000001,513.0
567,892a3064b03ffff,35.0,113.10000000000001,513.0
568,892a30641dbffff,35.0,113.10000000000001,513.0
569,892a306425bffff,35.0,113.10000000000001,513.0
570,892a3066b3bffff,35.0,113.10000000000001,513.0
571,892a3065d63ffff,35.0,113.10000000000001,513.0
572,892a306494bffff,35.0,113.10000000000001,513.0
573,892a30642d7ffff,35.0,113.10000000000001,513.0
574,892a30659bbffff,35.0,113.10000000000001,513.0
575,892a306696bffff,35.0,113.10000000000001,513.0
576,892a3066023ffff,35.0,113.10000000000001,513.0
577,892a3066e77ffff,35.0,113.10000000000001,513.0
578,892a3064d7bffff,35.0,113.10000000000001,513.0
579,892a3066ea3ffff,35.0,113.10000000000001,513.0
580,892a3065513ffff,35.0,113.10000000000001,513.0
581,892a3065983ffff,35.0,113.10000000000001,513.0
582,892a3064e77ffff,35.0,113.10000000000001,513.0
583,892a3064297ffff,35.0,113.10000000000001,513.0
584,892a3066ac3ffff,35.0,113.10000000000001,513.0
585,892a3064d83ffff,35.0,113.10000000000001,513.0
586,892a30649d7ffff,35.0,113.10000000000001,513.0
587,892a306612bffff,35.0,113.10000000000001,513.0
588,892a3065dabffff,35.0,113.10000000000001,513.0
589,892a30663afffff,35.0,113.10000000000001,513.0
590,892a3066a0bffff,35.0,113.10000000000001,513.0
591,892a3066327ffff,35.0,113.10000000000001,513.0
592,892a3066babffff,35.0,113.10000000000001,513.0
593,892a339361bffff,35.0,113.10000000000001,513.0
594,892a306602fffff,35.0,113.10000000000001,513.0
595,892a3066857ffff,35.0,113.10000000000001,513.0
596,892a3064e17ffff,35.0,113.10000000000001,513.0
597,892a3065937ffff,35.0,113.10000000000001,513.0
598,892a3064d77ffff,35.0,113.10000000000001,513.0
599,892a3064c23ffff,35.0,113.10000000000001,513.0
600,892a3064b73ffff,35.0,113.10000000000001,513.0
601,892a3064327ffff,35.0,113.10000000000001,513.0
602,892a30646cbffff,35.0,113.10000000000001,513.0
603,892a3066533ffff,35.0,113.10000000000001,513.0
604,892a307494bffff,35.0,113.10000000000001,513.0
605,892a3066eb3ffff,35.0,113.10000000000001,513.0
606,892a3064aa7ffff,35.0,113.10000000000001,513.0
607,892a30641abffff,35.0,113.10000000000001,513.0
608,892a3064957ffff,35.0,113.10000000000001,513.0
609,892a3064bafffff,35.0,113.10000000000001,513.0
610,892a306686fffff,35.0,113.10000000000001,513.0
611,892a3065c27ffff,35.0,113.10000000000001,513.0
612,892a3065993ffff,35.0,113.10000000000001,513.0
613,892a3065d87ffff,35.0,113.10000000000001,513.0
614,892a339a59bffff,35.0,113.10000000000001,513.0
615,892a3064a6fffff,35.0,113.10000000000001,513.0
616,892a3064603ffff,35.0,113.10000000000001,513.0
617,892a30648d7ffff,35.0,113.10000000000001,513.0
618,892a3066cbbffff,35.0,113.10000000000001,513.0
619,892a306466fffff,35.0,113.10000000000001,513.0
620,892a3066c03ffff,35.0,113.10000000000001,513.0
621,892a3064543ffff,35.0,113.10000000000001,513.0
622,892a3064b6fffff,35.0,113.10000000000001,513.0
623,892a33916d3ffff,35.0,113.10000000000001,513.0
624,892a30655c7ffff,35.0,113.10000000000001,513.0
625,892a3064037ffff,35.0,113.10000000000001,513.0
626,892a3066a03ffff,35.0,113.10000000000001,513.0
627,892a3066543ffff,35.0,113.10000000000001,513.0
628,892a30671cfffff,35.0,113.10000000000001,513.0
629,892a3066303ffff,35.0,113.10000000000001,513.0
630,892a306599bffff,35.0,113.10000000000001,513.0
631,892a3064837ffff,35.0,113.10000000000001,513.0
632,892a30641a3ffff,35.0,113.10000000000001,513.0
633,892a3064e6fffff,35.0,113.10000000000001,513.0
634,892a3066a07ffff,35.0,113.10000000000001,513.0
635,892a3064e2fffff,35.0,113.10000000000001,513.0
636,892a3066b83ffff,35.0,113.10000000000001,513.0
637,892a30649d3ffff,35.0,113.10000000000001,513.0
638,892a3391653ffff,35.0,113.10000000000001,513.0
639,892a3064ad3ffff,35.0,113.10000000000001,513.0
640,892a306598bffff,35.0,113.10000000000001,513.0
641,892a3066aafffff,35.0,113.10000000000001,513.0
642,892a3066ecbffff,35.0,113.10000000000001,513.0
643,892a306683bffff,35.0,113.10000000000001,513.0
644,892a306456fffff,35.0,113.10000000000001,513.0
645,892a307490fffff,35.0,113.10000000000001,513.0
646,892a3074b8fffff,35.0,113.10000000000001,513.0
647,892a3064193ffff,35.0,113.10000000000001,513.0
648,892a3066c47ffff,35.0,113.10000000000001,513.0
649,892a3065997ffff,35.0,113.10000000000001,513.0
650,892a3066e67ffff,35.0,113.10000000000001,513.0
651,892a30644abffff,35.0,113.10000000000001,513.0
652,892a3065d43ffff,35.0,113.10000000000001,513.0
653,892a306464fffff,35.0,113.10000000000001,513.0
654,892a306642fffff,35.0,113.10000000000001,513.0
655,892a30641cfffff,35.0,113.10000000000001,513.0
656,892a306486bffff,35.0,113.10000000000001,513.0
657,892a3066aa7ffff,35.0,113.10000000000001,513.0
658,892a339a513ffff,35.0,113.10000000000001,513.0
659,892a3064ccbffff,35.0,113.10000000000001,513.0
660,892a3064adbffff,35.0,113.10000000000001,513.0
661,892a306480bffff,35.0,113.10000000000001,513.0
662,892a3066aabffff,35.0,113.10000000000001,513.0
663,892a3064843ffff,35.0,113.10000000000001,513.0
664,892a3064803ffff,35.0,113.10000000000001,513.0
665,892a3066ba7ffff,35.0,113.10000000000001,513.0
666,892a30642dbffff,35.0,113.10000000000001,513.0
667,892a306694bffff,35.0,113.10000000000001,513.0
668,892a30655a7ffff,35.0,113.10000000000001,513.0
669,892a30655afffff,35.0,113.10000000000001,513.0
670,892a3064d73ffff,35.0,113.10000000000001,513.0
671,892a3074b33ffff,35.0,113.10000000000001,513.0
672,892a3066abbffff,35.0,113.10000000000001,513.0
673,892a3064a53ffff,35.0,113.10000000000001,513.0
674,892a3066eafffff,35.0,113.10000000000001,513.0
675,892a30646cfffff,35.0,113.10000000000001,513.0
676,892a3066a0fffff,35.0,113.10000000000001,513.0
677,892a3066b67ffff,35.0,113.10000000000001,513.0
678,892a306638fffff,35.0,113.10000000000001,513.0
679,892a306421bffff,35.0,113.10000000000001,513.0
680,892a30665cfffff,35.0,113.10000000000001,513.0
681,892a3066963ffff,35.0,113.10000000000001,513.0
682,892a3064dc3ffff,35.0,113.10000000000001,513.0
683,892a3064bbbffff,35.0,113.10000000000001,513.0
684,892a3066e3bffff,35.0,113.10000000000001,513.0
685,892a3064e0fffff,35.0,113.10000000000001,513.0
686,892a3064c93ffff,35.0,113.10000000000001,513.0
687,892a30668d7ffff,35.0,113.10000000000001,513.0
688,892a3064ab3ffff,35.0,113.10000000000001,513.0
689,892a30659d7ffff,35.0,113.10000000000001,513.0
690,892a3064cbbffff,35.0,113.10000000000001,513.0
691,892a339366bffff,35.0,113.10000000000001,513.0
692,892a3066323ffff,35.0,113.10000000000001,513.0
693,892a3066853ffff,35.0,113.10000000000001,513.0
694,892a3066a8fffff,35.0,113.10000000000001,513.0
695,892a307496bffff,35.0,113.10000000000001,513.0
696,892a3064827ffff,35.0,113.10000000000001,513.0
697,892a339a497ffff,35.0,113.10000000000001,513.0
698,892a306455bffff,35.0,113.10000000000001,513.0
699,892a306662bffff,35.0,113.10000000000001,513.0
700,892a30649dbffff,35.0,113.10000000000001,513.0
701,892a30659a3ffff,35.0,113.10000000000001,513.0
702,892a3067123ffff,35.0,113.10000000000001,513.0
703,892a3074b9bffff,35.0,113.10000000000001,513.0
704,892a3064d87ffff,35.0,113.10000000000001,513.0
705,892a3064eafffff,35.0,113.10000000000001,513.0
706,892a33916d7ffff,35.0,113.10000000000001,513.0
707,892a3066a83ffff,35.0,113.10000000000001,513.0
708,892a3066a97ffff,35.0,113.10000000000001,513.0
709,892a3064a1bffff,35.0,113.10000000000001,513.0
710,892a3064533ffff,35.0,113.10000000000001,513.0
711,892a306457bffff,35.0,113.10000000000001,513.0
712,892a3064807ffff,35.0,113.10000000000001,513.0
713,892a3066e2fffff,35.0,113.10000000000001,513.0
714,892a339a403ffff,35.0,113.10000000000001,513.0
715,892a3066e4bffff,35.0,113.10000000000001,513.0
716,892a306410fffff,35.0,113.10000000000001,513.0
717,892a3064dd7ffff,35.0,113.10000000000001,513.0
718,892a3064183ffff,35.0,113.10000000000001,513.0
719,892a306602bffff,35.0,113.10000000000001,513.0
720,892a306429bffff,35.0,113.10000000000001,513.0
721,892a3074b2bffff,35.0,113.10000000000001,513.0
722,892a3066313ffff,35.0,113.10000000000001,513.0
723,892a3066ad7ffff,35.0,113.10000000000001,513.0
724,892a3066503ffff,35.0,113.10000000000001,513.0
725,892a3066e57ffff,35.0,113.10000000000001,513.0
726,892a30645b7ffff,35.0,113.10000000000001,513.0
727,892a3066acfffff,35.0,113.10000000000001,513.0
728,892a3065d4fffff,35.0,113.10000000000001,513.0
729,892a3066a87ffff,35.0,113.10000000000001,513.0
730,892a30648dbffff,35.0,113.10000000000001,513.0
731,892a30640afffff,35.0,113.10000000000001,513.0
732,892a3066c17ffff,35.0,113.10000000000001,513.0
733,892a3064833ffff,35.0,113.10000000000001,513.0
734,892a3066ba3ffff,35.0,113.10000000000001,513.0
735,892a3066467ffff,35.0,113.10000000000001,513.0
736,892a3065507ffff,35.0,113.10000000000001,513.0
737,892a339a417ffff,35.0,113.10000000000001,513.0
738,892a33936c3ffff,35.0,113.10000000000001,513.0
739,892a3066a2fffff,35.0,113.10000000000001,513.0
740,892a3064553ffff,35.0,113.10000000000001,513.0
741,892a3066093ffff,35.0,113.10000000000001,513.0
742,892a30648d3ffff,35.0,113.10000000000001,513.0
743,892a3064443ffff,35.0,113.10000000000001,513.0
744,892a30642c3ffff,35.0,113.10000000000001,513.0
745,892a3064b0bffff,35.0,113.10000000000001,513.0
746,892a3066127ffff,35.0,113.10000000000001,513.0
747,892a306445bffff,35.0,113.10000000000001,513.0
748,892a30644afffff,35.0,113.10000000000001,513.0
749,892a3066843ffff,35.0,113.10000000000001,513.0
750,892a3066bb7ffff,35.0,113.10000000000001,513.0
751,892a3064817ffff,35.0,113.10000000000001,513.0
752,892a3064953ffff,35.0,113.10000000000001,513.0
753,892a3066033ffff,35.0,113.10000000000001,513.0
754,892a3066c0fffff,35.0,113.10000000000001,513.0
755,892a306634fffff,35.0,113.10000000000001,513.0
756,892a3066813ffff,35.0,113.10000000000001,513.0
757,892a3064d93ffff,35.0,113.10000000000001,513.0
758,892a3066e63ffff,35.0,113.10000000000001,513.0
759,892a306680fffff,35.0,113.10000000000001,513.0
760,892a306460fffff,35.0,113.10000000000001,513.0
761,892a306482fffff,35.0,113.10000000000001,513.0
762,892a3066e33ffff,35.0,113.10000000000001,513.0
763,892a3065933ffff,35.0,113.10000000000001,513.0
764,892a3064aa3ffff,35.0,113.10000000000001,513.0
765,892a3066adbffff,35.0,113.10000000000001,513.0
766,892a33936c7ffff,35.0,113.10000000000001,513.0
767,892a3064e87ffff,35.0,113.10000000000001,513.0
768,892a3064dc7ffff,35.0,113.10000000000001,513.0
769,892a3064397ffff,35.0,113.10000000000001,513.0
770,892a3064d4fffff,35.0,113.10000000000001,513.0
771,892a3074947ffff,35.0,113.10000000000001,513.0
772,892a3064203ffff,35.0,113.10000000000001,513.0
773,892a306680bffff,35.0,113.10000000000001,513.0
774,892a3064b9bffff,35.0,113.10000000000001,513.0
775,892a30659a7ffff,35.0,113.10000000000001,513.0
776,892a306466bffff,35.0,113.10000000000001,513.0
777,892a3064417ffff,35.0,113.10000000000001,513.0
778,892a3064b77ffff,35.0,113.10000000000001,513.0
779,892a30641bbffff,35.0,113.10000000000001,513.0
780,892a3393667ffff,35.0,113.10000000000001,513.0
781,892a3064243ffff,35.0,113.10000000000001,513.0
782,892a306418fffff,35.0,113.10000000000001,513.0
783,892a3066b8bffff,35.0,113.10000000000001,513.0
784,892a3064897ffff,35.0,113.10000000000001,513.0
785,892a33936cfffff,35.0,113.10000000000001,513.0
786,892a339a58fffff,35.0,113.10000000000001,513.0
787,892a3065d4bffff,35.0,113.10000000000001,513.0
788,892a3064cafffff,35.0,113.10000000000001,513.0
789,892a306632bffff,35.0,113.10000000000001,513.0
790,892a3067163ffff,35.0,113.10000000000001,513.0
791,892a3066c53ffff,35.0,113.10000000000001,513.0
792,892a306452fffff,35.0,113.10000000000001,513.0
793,892a3066ecfffff,35.0,113.10000000000001,513.0
794,892a306450fffff,35.0,113.10000000000001,513.0
795,892a3065923ffff,35.0,113.10000000000001,513.0
796,892a306638bffff,35.0,113.10000000000001,513.0
797,892a306452bffff,35.0,113.10000000000001,513.0
798,892a30648c3ffff,35.0,113.10000000000001,513.0
799,892a3064b17ffff,35.0,113.10000000000001,513.0
800,892a30645abffff,35.0,113.10000000000001,513.0
801,892a30645afffff,35.0,113.10000000000001,513.0
802,892a3066867ffff,35.0,113.10000000000001,513.0
803,892a3064d6fffff,35.0,113.10000000000001,513.0
804,892a30645cbffff,35.0,113.10000000000001,513.0
805,892a3064d3bffff,35.0,113.10000000000001,513.0
806,892a339a58bffff,35.0,113.10000000000001,513.0
807,892a3066ea7ffff,35.0,113.10000000000001,513.0
808,892a3066383ffff,35.0,113.10000000000001,513.0
809,892a3064b6bffff,35.0,113.10000000000001,513.0
810,892a3065523ffff,35.0,113.10000000000001,513.0
811,892a3064d8fffff,35.0,113.10000000000001,513.0
812,892a306432fffff,35.0,113.10000000000001,513.0
813,892a3064a43ffff,35.0,113.10000000000001,513.0
814,892a30641b7ffff,35.0,113.10000000000001,513.0
815,892a30641c3ffff,35.0,113.10000000000001,513.0
816,892a30642d3ffff,35.0,113.10000000000001,513.0
817,892a3066b0bffff,35.0,113.10000000000001,513.0
818,892a3066e53ffff,35.0,113.10000000000001,513.0
819,892a3065da7ffff,35.0,113.10000000000001,513.0
820,892a3064023ffff,35.0,113.10000000000001,513.0
821,892a3064eabffff,35.0,113.10000000000001,513.0
822,892a30649c7ffff,35.0,113.10000000000001,513.0
823,892a306643bffff,35.0,113.10000000000001,513.0
824,892a306485bffff,35.0,113.10000000000001,513.0
825,892a306712fffff,35.0,113.10000000000001,513.0
826,892a3066a1bffff,35.0,113.10000000000001,513.0
827,892a3064523ffff,35.0,113.10000000000001,513.0
828,892a3066bd3ffff,35.0,113.10000000000001,513.0
829,892a3066833ffff,35.0,113.10000000000001,513.0
830,892a30668cfffff,35.0,113.10000000000001,513.0
831,892a3064d63ffff,35.0,113.10000000000001,513.0
832,892a3065d47ffff,35.0,113.10000000000001,513.0
833,892a3064113ffff,35.0,113.10000000000001,513.0
834,892a30640a3ffff,35.0,113.10000000000001,513.0
835,892a3064e53ffff,35.0,113.10000000000001,513.0
836,892a30645c7ffff,35.0,113.10000000000001,513.0
837,892a3066c07ffff,35.0,113.10000000000001,513.0
838,892a3064d9bffff,35.0,113.10000000000001,513.0
839,892a339a493ffff,35.0,113.10000000000001,513.0
840,892a3393687ffff,35.0,113.10000000000001,513.0
841,892a3066ab7ffff,35.0,113.10000000000001,513.0
842,892a3065d23ffff,35.0,113.10000000000001,513.0
843,892a3064197ffff,35.0,113.10000000000001,513.0
844,892a3064187ffff,35.0,113.10000000000001,513.0
845,892a30668cbffff,35.0,113.10000000000001,513.0
846,892a30663b7ffff,35.0,113.10000000000001,513.0
847,892a3066b9bffff,35.0,113.10000000000001,513.0
848,892a3074b87ffff,35.0,113.10000000000001,513.0
849,892a306633bffff,35.0,113.10000000000001,513.0
850,892a3064097ffff,35.0,113.10000000000001,513.0
851,892a3064663ffff,35.0,113.10000000000001,513.0
852,892a3065db3ffff,35.0,113.10000000000001,513.0
853,892a306694fffff,35.0,113.10000000000001,513.0
854,892a3066e37ffff,35.0,113.10000000000001,513.0
855,892a3066e5bffff,35.0,113.10000000000001,513.0
856,892a3391647ffff,35.0,113.10000000000001,513.0
857,892a3066357ffff,35.0,113.10000000000001,513.0
858,892a3066a3bffff,35.0,113.10000000000001,513.0
859,892a3064dbbffff,35.0,113.10000000000001,513.0
860,892a3066337ffff,35.0,113.10000000000001,513.0
861,892a339a587ffff,35.0,113.10000000000001,513.0
862,892a3066e7bffff,35.0,113.10000000000001,513.0
863,892a3064dabffff,35.0,113.10000000000001,513.0
864,892a3064c97ffff,35.0,113.10000000000001,513.0
865,892a30641afffff,35.0,113.10000000000001,513.0
866,892a3064b47ffff,35.0,113.10000000000001,513.0
867,892a3066ab3ffff,35.0,113.10000000000001,513.0
868,892a339368bffff,35.0,113.10000000000001,513.0
869,892a339a4cbffff,35.0,113.10000000000001,513.0
870,892a3064cdbffff,35.0,113.10000000000001,513.0
871,892a306495bffff,35.0,113.10000000000001,513.0
872,892a3064a4bffff,35.0,113.10000000000001,513.0
873,892a3064217ffff,35.0,113.10000000000001,513.0
874,892a3066a2bffff,35.0,113.10000000000001,513.0
875,892a30644a3ffff,35.0,113.10000000000001,513.0
876,892a3066a33ffff,35.0,113.10000000000001,513.0
877,892a3064edbffff,35.0,113.10000000000001,513.0
878,892a3064e97ffff,35.0,113.10000000000001,513.0
879,892a3064e5bffff,35.0,113.10000000000001,513.0
880,892a306412bffff,35.0,113.10000000000001,513.0
881,892a30640a7ffff,35.0,113.10000000000001,513.0
882,892a3064253ffff,35.0,113.10000000000001,513.0
883,892a3066a9bffff,35.0,113.10000000000001,513.0
884,892a306458bffff,35.0,113.10000000000001,513.0
885,892a3064e0bffff,35.0,113.10000000000001,513.0
886,892a3074b97ffff,35.0,113.10000000000001,513.0
887,892a3065d6bffff,35.0,113.10000000000001,513.0
888,892a3065dc7ffff,35.0,113.10000000000001,513.0
889,892a3064bd3ffff,35.0,113.10000000000001,513.0
890,892a3066817ffff,35.0,113.10000000000001,513.0
891,892a3066bcbffff,35.0,113.10000000000001,513.0
892,892a30649cfffff,35.0,113.10000000000001,513.0
893,892a3066013ffff,35.0,113.10000000000001,513.0
894,892a3064e73ffff,35.0,113.10000000000001,513.0
895,892a3066513ffff,35.0,113.10000000000001,513.0
896,892a3066a7bffff,35.0,113.10000000000001,513.0
897,892a306686bffff,35.0,113.10000000000001,513.0
898,892a306496fffff,35.0,113.10000000000001,513.0
899,892a306428fffff,35.0,113.10000000000001,513.0
900,892a3393613ffff,35.0,113.10000000000001,513.0
901,892a30648afffff,35.0,113.10000000000001,513.0
902,892a3066c1bffff,35.0,113.10000000000001,513.0
903,892a30655b7ffff,35.0,113.10000000000001,513.0
904,892a3066c0bffff,35.0,113.10000000000001,513.0
905,892a3064433ffff,35.0,113.10000000000001,513.0
906,892a30642cbffff,35.0,113.10000000000001,513.0
907,892a3064027ffff,35.0,113.10000000000001,513.0
908,892a3066027ffff,35.0,113.10000000000001,513.0
909,892a3066e0bffff,35.0,113.10000000000001,513.0
910,892a3064d1bffff,35.0,113.10000000000001,513.0
911,892a3029093ffff,35.0,113.10000000000001,513.0
912,892a306482bffff,35.0,113.10000000000001,513.0
913,892a3064c8fffff,35.0,113.10000000000001,513.0
914,892a3064853ffff,35.0,113.10000000000001,513.0
915,892a3064b23ffff,35.0,113.10000000000001,513.0
916,892a306590bffff,35.0,113.10000000000001,513.0
917,892a339a4bbffff,35.0,113.10000000000001,513.0
918,892a3066077ffff,35.0,113.10000000000001,513.0
919,892a3074967ffff,35.0,113.10000000000001,513.0
920,892a3066a57ffff,35.0,113.10000000000001,513.0
921,892a339a48bffff,35.0,113.10000000000001,513.0
922,892a3066a63ffff,35.0,113.10000000000001,513.0
923,892a3065d0fffff,35.0,113.10000000000001,513.0
924,892a3066393ffff,35.0,113.10000000000001,513.0
925,892a3064bc7ffff,35.0,113.10000000000001,513.0
926,892a339a41bffff,35.0,113.10000000000001,513.0
927,892a3064b67ffff,35.0,113.10000000000001,513.0
928,892a3064653ffff,35.0,113.10000000000001,513.0
929,892a30641a7ffff,35.0,113.10000000000001,513.0
930,892a3064ba3ffff,35.0,113.10000000000001,513.0
931,892a3064a67ffff,35.0,113.10000000000001,513.0
932,892a306468fffff,35.0,113.10000000000001,513.0
933,892a339a413ffff,35.0,113.10000000000001,513.0
934,892a306632fffff,35.0,113.10000000000001,513.0
935,892a30660c3ffff,35.0,113.10000000000001,513.0
936,892a3065dafffff,35.0,113.10000000000001,513.0
937,892a3065903ffff,35.0,113.10000000000001,513.0
938,892a30663a7ffff,35.0,113.10000000000001,513.0
939,892a3064e37ffff,35.0,113.10000000000001,513.0
940,892a3064283ffff,35.0,113.10000000000001,513.0
941,892a3064dd3ffff,35.0,113.10000000000001,513.0
942,892a306412fffff,35.0,113.10000000000001,513.0
943,892a3064593ffff,35.0,113.10000000000001,513.0
944,892a3064e4fffff,35.0,113.10000000000001,513.0
945,892a3066c83ffff,35.0,113.10000000000001,513.0
946,892a306458fffff,35.0,113.10000000000001,513.0
947,892a3065ddbffff,35.0,113.10000000000001,513.0
948,892a3067137ffff,35.0,113.10000000000001,513.0
949,892a33916cbffff,35.0,113.10000000000001,513.0
950,892a3064c87ffff,35.0,113.10000000000001,513.0
951,892a3066b97ffff,35.0,113.10000000000001,513.0
952,892a339a4dbffff,35.0,113.10000000000001,513.0
953,892a3074b03ffff,35.0,113.10000000000001,513.0
954,892a3064d5bffff,35.0,113.10000000000001,513.0
955,892a3064677ffff,35.0,113.10000000000001,513.0
956,892a3064d33ffff,35.0,113.10000000000001,513.0
957,892a30649c3ffff,35.0,113.10000000000001,513.0
958,892a306736fffff,35.0,113.10000000000001,513.0
959,892a33916c3ffff,35.0,113.10000000000001,513.0
